book_id,sinopsis,confianza,fuente
01961acd-b742-4dcc-ae7c-6f585d8c4132,"Volumen que reúne los números 567 a 584 de Zig-Zag, publicados en 1916, en plena Primera Guerra Mundial. Zig-Zag fue el semanario ilustrado que Agustín Edwards Mac-Clure fundó en Santiago en 1905 y que circuló hasta 1964: una revista de variedades con actualidad chilena e internacional, crónica social, literatura, arte, moda y humor, impresa con fotografías y grabados en color. Sus páginas son una fuente documental para conocer la vida, la política y las costumbres del Chile de comienzos del siglo XX.",media,https://www.memoriachilena.gob.cl/602/w3-article-3684.html
0abb40a0-026d-42fa-817c-066b69c53fb2,"Números 411 a 423 de la revista Zig-Zag, correspondientes al año 1913. Fundado en Santiago por Agustín Edwards Mac-Clure en febrero de 1905, Zig-Zag fue uno de los primeros magazines ilustrados de América Latina y se publicó hasta 1964. Mezclaba noticias del país y del mundo, vida social, cuentos y poemas, arte, moda, cocina y curiosidades, con un uso pionero de la fotografía y la impresión a color. Los volúmenes de esos años permiten ver la sociedad chilena de la década posterior al Centenario.",media,https://www.memoriachilena.gob.cl/602/w3-article-3684.html
4facb63e-1933-4159-b74c-87e018b40a6a,"Colección de los números 219 a 227 de Zig-Zag, del año 1909, poco antes de las celebraciones del Centenario de la Independencia. La revista, semanario de variedades fundado por Agustín Edwards Mac-Clure en 1905 y dirigido en sus inicios por Joaquín Díaz Garcés, cubría la actualidad chilena e internacional, la vida social de Santiago, la literatura, las artes y la moda, con abundante material gráfico. Publicada hasta 1964, es una referencia para el estudio de la prensa ilustrada y la cultura chilena de principios del siglo XX.",media,https://www.memoriachilena.gob.cl/602/w3-article-3684.html
98de34cc-0b39-479e-854f-a09cf61668c2,"Catálogo de la exposición Radiance and Reverie: Jewels from the Collection of Neil Lane, presentada por el Toledo Museum of Art entre 2025 y 2026, con más de 150 joyas históricas de la colección privada del diseñador estadounidense Neil Lane. Editado por las curadoras Emily Stoehrer y Diane C. Wright, recorre casi un siglo de joyería, desde los estilos de revival del siglo XIX hasta la época dorada de Hollywood, con piezas de Cartier, Boucheron, Castellani, Suzanne Belperron, Louis C. Tiffany y Tiffany & Co. Edición en inglés.",media,https://toledomuseum.org/exhibitions/radiance-and-reverie-jewels-from-the-collection-of-neil-lane
6ad5a20c-d8ee-489b-a168-80551af3f790,"Libro de Juan Carlos Valle sobre Carlos Dorlhiac Sabourin (1880-1973), dibujante, pintor y fotógrafo nacido en Burdeos que llegó niño a Chile y retrató los paisajes, los oficios y los habitantes del valle central, en especial de la zona de Chillán. El título alude a sus dos oficios: la fotografía, que practicó desde 1910 sobre todo como apoyo para su trabajo gráfico, y el dibujo a pluma, del que dejó más de dos mil piezas. Su archivo fotográfico, de más de siete mil objetos, se conserva en la Biblioteca Nacional de Chile.",media,https://www.ecured.cu/Carlos_Dorlhiac_Sabourin
78859087-66d4-493b-b713-ad6c78d00fb6,"Obra colectiva sobre el antiguo Egipto editada por los egiptólogos alemanes Regine Schulz y Matthias Seidel, que recorre esa civilización desde la prehistoria hasta la época grecorromana. En capítulos escritos por especialistas aborda la historia política, la religión y el culto funerario, la arquitectura de templos, tumbas y pirámides, la escultura, la pintura, la escritura y la vida cotidiana, con abundante material fotográfico de monumentos y objetos. Pensada como obra de referencia para lectores generales y aficionados a la egiptología.",alta,conocimiento
48eb694f-70c3-4b68-8cef-f3b604478f70,"Novela de Vasili Grossman sobre la batalla de Stalingrado, escrita en los años cuarenta y publicada en la Unión Soviética en 1952, tras pasar por la censura, con el título Por una causa justa. Es la primera parte del díptico que continúa Vida y destino. Sigue a la familia Shaposhnikov y a soldados, obreros, científicos y funcionarios desde la primavera de 1942, mientras el ejército alemán avanza hacia el Volga, hasta los combates en la ciudad. Las versiones recientes recuperan el título que Grossman prefería y pasajes de los manuscritos suprimidos por los censores.",alta,conocimiento
ff40bd9b-cddc-4b5b-85e8-ddf84c5f4378,"Manual de historia universal de los siglos XIX y XX coordinado por el historiador español Javier Paredes, catedrático de Historia Contemporánea de la Universidad de Alcalá y director de varios manuales universitarios de la editorial Ariel. Escrito por un equipo de especialistas, sigue los grandes procesos políticos, económicos, sociales y culturales del mundo contemporáneo, desde la crisis del Antiguo Régimen hasta las últimas décadas del siglo XX. Está pensado como texto de estudio y consulta para estudiantes universitarios de historia y humanidades.",media,https://www.casadellibro.com.co/libros-ebooks/javier-paredes/144233
d78ae3e1-7b8b-4e39-8fb7-6f1f7bdcdb6a,"Historia de Estados Unidos entre 1974 y 2001 escrita por James T. Patterson, historiador de la Universidad Brown, publicada en inglés en 2005 como Restless Giant dentro de la Oxford History of the United States. Parte de la renuncia de Richard Nixon tras el caso Watergate y llega hasta la disputada elección de George W. Bush, combinando política interior y exterior con cambios sociales, económicos y culturales: la crisis de los setenta, la era Reagan, el fin de la Guerra Fría, los años de Clinton, la inmigración, la desigualdad y las llamadas guerras culturales.",alta,conocimiento
60d65d2d-9497-493b-aa87-7b9f5de4bebb,"Ensayo de Octavio Paz publicado en 1993 sobre las relaciones entre sexualidad, erotismo y amor. Paz parte de la imagen de una llama cuyo fuego original es el sexo, que alimenta la llama roja del erotismo y esta a su vez la azul del amor, y recorre la historia de la idea del amor en Occidente: Platón, la poesía provenzal y el amor cortés, Dante y Petrarca, el romanticismo y la literatura moderna. Cierra con una reflexión sobre la noción de persona y el lugar del amor en la sociedad contemporánea.",alta,conocimiento
00e4a087-87b7-4d87-bc72-9541e514cff4,"Versión abreviada del Diccionario del español actual de Manuel Seco, Olimpia Andrés y Gabino Ramos, publicado por Aguilar en 1999. Registra el léxico del español de España de la segunda mitad del siglo XX a partir de un amplio corpus de textos reales —prensa, literatura, ensayo, textos técnicos— y no de diccionarios anteriores, de modo que sus definiciones se apoyan en el uso documentado. Ofrece en un solo volumen, más manejable que la obra completa, definiciones e información gramatical útiles para estudiantes, traductores, correctores y lectores en general.",alta,conocimiento
f569d70d-4705-4f5e-9004-2886f4797a88,"Libro de Eric Hobsbawm publicado en 2011, poco antes de su muerte, que reúne ensayos escritos a lo largo de más de cincuenta años sobre Marx y la historia del marxismo. Analiza la formación del pensamiento de Marx y Engels, el contexto de sus obras y la recepción de sus ideas, y sigue la influencia del marxismo desde la socialdemocracia y la Revolución rusa hasta el antifascismo, la Guerra Fría y su declive después de 1989. Termina defendiendo la vigencia de Marx para pensar las crisis del capitalismo posteriores a 2008.",alta,conocimiento
641061c4-8a6f-4aa9-935e-1a7bd66d3ee2,"Reconstrucción de las conferencias sobre Shakespeare que el poeta W. H. Auden dictó en la New School for Social Research de Nueva York entre 1946 y 1947, preparada por Arthur Kirsch a partir de los apuntes de varios asistentes y publicada en inglés en 2000 como Lectures on Shakespeare. Auden recorre una a una las obras de Shakespeare, desde las primeras comedias hasta los romances finales, combinando lectura atenta, comentarios sobre los personajes y reflexiones morales y religiosas, con la libertad de un poeta que habla ante un auditorio.",alta,conocimiento
c1de5717-d445-4ffe-8a7a-5f9f75de6d06,"Ensayo del medievalista italiano Franco Cardini, profesor de Historia Medieval en la Universidad de Florencia, sobre la Europa en torno al año 1000. Publicado originalmente en italiano como Europa anno mille. Le radici dell'Occidente, aborda la Europa cristiana de fines del siglo X y comienzos del XI como el momento en que se asentaron bases políticas, religiosas, sociales y culturales que definirían a Occidente. Cardini es autor de numerosos estudios sobre las cruzadas, la caballería y las relaciones entre Europa y el islam.",media,https://www.tiposinfames.com/autores/cardini-franco/59745/
f0944abe-a87d-4285-a955-ce8ac6f3fe09,"Investigación en tres tomos sobre las violaciones a los derechos humanos cometidas en Chile durante la primera década de la dictadura militar, entre 1973 y 1983. Escrita entre 1982 y 1988 por un equipo de autores que incluye a Eugenio Ahumada, Javier Luis Egaña, Augusto Góngora, Carmen Quesney, Gustavo Saball y Gustavo Villalobos, se basa en casos documentados por la Vicaría de la Solidaridad. Publicada por Pehuén en 1989, en los últimos meses del régimen, reconstruye detenciones, desapariciones, ejecuciones, torturas y exilio.",media,https://www.latercera.com/etiqueta/chile-la-memoria-prohibida
7f89629a-560a-4d88-8c6c-7ac8a1f84b7e,"Crónica documental en tres volúmenes de la represión en Chile entre 1973 y 1983, desde el fin de la Unidad Popular y el golpe de Estado hasta los primeros diez años del régimen de Pinochet. El equipo de autores, entre ellos Eugenio Ahumada, Augusto Góngora y Gustavo Villalobos, trabajó entre 1982 y 1988 con los archivos de casos de la Vicaría de la Solidaridad para relatar detenidos desaparecidos, ejecutados, torturados y exiliados. Apareció en 1989, antes del retorno a la democracia, como uno de los primeros registros sistemáticos de esos hechos.",media,https://www.latercera.com/etiqueta/chile-la-memoria-prohibida
47908c5c-ab0b-442e-a520-6f02a1e5a908,"Traducción al español de las obras completas de William Shakespeare realizada por Luis Astrana Marín, estudioso y biógrafo del dramaturgo, una de las primeras versiones íntegras hechas directamente del inglés por un solo traductor. Reúne las tragedias, como Hamlet, Otelo, El rey Lear y Macbeth; las comedias; los dramas históricos sobre los reyes de Inglaterra; los romances finales, como La tempestad, y la obra poética, incluidos los sonetos. Publicada por Aguilar, fue durante décadas la versión de referencia en el mundo hispánico.",alta,conocimiento
1fb324dd-68e0-40f8-84d5-defc811621b3,"Tomo de las obras completas en español de André Maurois (1885-1967) dedicado a sus escritos de historia. Novelista, biógrafo y ensayista francés, miembro de la Academia Francesa desde 1938, Maurois escribió también historias generales de divulgación como Historia de Inglaterra, Historia de Francia e Historia de los Estados Unidos, con un relato narrativo y claro pensado para el lector general. Su obra biográfica, sobre figuras como Disraeli, Byron, Shelley o Victor Hugo, y sus memorias ocupan otros volúmenes de la serie.",media,https://descubridor.uniclaretiana.edu.co/vufind/Record/3558/Versions
fc5523ff-8b1a-4047-9194-115e5a42f5c3,"Guía de viaje de Lonely Planet sobre Nueva Zelanda, en español, organizada por regiones de la Isla Norte y la Isla Sur. Reúne información práctica para planificar el viaje —transporte, alojamiento, comida, actividades y presupuesto— junto con itinerarios sugeridos, mapas y propuestas al aire libre, como las rutas de senderismo de varios días, los parques nacionales, los fiordos y los deportes de aventura, además de apartados sobre historia, cultura maorí y vida local. Pensada para viajeros independientes.",alta,conocimiento
b9e9db2b-56d4-470f-bf34-1122fe71b899,"Ensayo de la filósofa francesa Elisabeth Badinter, publicado en 1980 como L'Amour en plus y traducido al inglés como Mother Love: Myth and Reality. Sostiene que el amor maternal no es un instinto natural e invariable sino un sentimiento con historia, y lo muestra recorriendo la Francia de los siglos XVII y XVIII, cuando era común entregar a los recién nacidos a nodrizas, y el cambio de discurso que desde fines del siglo XVIII exaltó a la madre abnegada como ideal femenino. Edición en inglés.",alta,conocimiento
51591c86-b929-4ad4-b41e-f09ac833faca,"Antología de textos del primer romanticismo alemán y de autores cercanos a él sobre el arte, la poesía y la crítica, con escritos de Novalis, Friedrich y August Wilhelm Schlegel, Friedrich Schiller, Heinrich von Kleist y Friedrich Hölderlin, entre otros. Reúne fragmentos, aforismos, cartas y ensayos breves de fines del siglo XVIII y comienzos del XIX en los que se formulan ideas centrales de la estética romántica: la ironía, la poesía universal progresiva, el genio, la relación entre arte y naturaleza y la crítica entendida como continuación de la obra.",alta,conocimiento
35abbd28-384e-48f6-a145-b32c3ab9f9a9,"Novela policial del escritor alemán Simon Urban, publicada en 2011, ambientada en un Berlín de ese mismo año en el que la República Democrática Alemana nunca dejó de existir. Martin Wegener, inspector de la policía de Alemania Oriental, investiga la muerte de un hombre encontrado colgado de un gasoducto en un bosque, en vísperas de negociaciones económicas clave entre las dos Alemanias, y debe trabajar junto a un policía de la RFA. Combina intriga política y ucronía en el retrato de una RDA al borde de la bancarrota.",media,https://www.theskinny.co.uk/books/book-reviews/plan-d-by-simon-urban
83411a96-2075-4fa3-b6fc-af3fa401d2c9,"Ensayo de historia diplomática de Henry Kissinger, publicado en 1994, que recorre las relaciones internacionales desde el cardenal Richelieu y la Paz de Westfalia hasta el fin de la Guerra Fría. Analiza el equilibrio de poder europeo, el Congreso de Viena, la política de Bismarck, las dos guerras mundiales y la confrontación entre Estados Unidos y la Unión Soviética, contraponiendo la tradición realista europea al idealismo wilsoniano de la política exterior estadounidense. Su autor fue secretario de Estado de Nixon y Ford.",alta,conocimiento
c683b318-3d12-49f5-9e84-b630105c003e,"Obra colectiva coordinada por Catherine Meyer y publicada en Francia en 2005 que reúne a unos cuarenta autores —psiquiatras, psicólogos, historiadores y filósofos— críticos del psicoanálisis. Cuestiona la validez científica y la eficacia terapéutica de la teoría freudiana, revisa episodios de la historia del psicoanálisis y de la biografía de Freud, y defiende alternativas como las terapias cognitivo-conductuales. Su aparición generó una fuerte polémica en Francia y motivó una respuesta de los psicoanalistas, El anti-libro negro del psicoanálisis.",alta,conocimiento
23e2b0ad-5175-4854-9bad-99285a5bd4af,"Manual de gramática y ortografía del español de Juan Luis Fuentes de la Corte, autor de textos de enseñanza del idioma como Ortografía: reglas y ejercicios y Gramática moderna de la lengua española. Como indica su título, reúne en un solo volumen la descripción de la gramática del español actual y las normas ortográficas con orientación práctica, para resolver dudas de acentuación, puntuación y escritura correcta. Está pensado como texto de estudio y consulta para estudiantes y para quienes necesitan redactar con corrección.",media,https://catalogosiidca.csuca.org/Record/UNAH.15479?lng=en
fe5f094c-3a1f-4071-abbf-b40c98f75c90,"Tomo de las obras en español del escritor italiano Giovanni Papini (1881-1956). Papini, figura central de la vanguardia florentina de comienzos del siglo XX y fundador de revistas como Leonardo y Lacerba, pasó del pragmatismo y el futurismo a la conversión católica, y escribió novelas, cuentos, ensayos, biografías y textos polémicos. Entre sus títulos más conocidos están Un hombre acabado, Historia de Cristo, Gog y El diablo. La serie reúne su producción en varios volúmenes.",alta,conocimiento
5b904146-98db-4096-beec-272f110b58ce,"Libro del historiador británico John Lynch, profesor emérito de la Universidad de Londres, cuyo título original es América Latina, entre colonia y nación, publicado en 2001. Reúne algunos de sus mejores estudios sobre Hispanoamérica en el paso de la colonia a la independencia: parte de una reflexión sobre la conquista y el Estado colonial, sigue con trabajos sobre los orígenes, el curso y las consecuencias de la independencia, con especial atención a Simón Bolívar, y cierra con un estudio sobre la religión popular y los cultos milenaristas.",media,https://quelibroleo.com/america-latina-entre-colonia-y-nacion
38d3cb18-2339-48aa-986f-6bf453cfbf4e,"Volumen que reúne cuatro obras de Herman Melville: Moby Dick (1851), la novela de la persecución de la ballena blanca por el capitán Ahab; Benito Cereno (1855), relato sobre un barco negrero que aparece a la deriva frente a las costas de Chile; Billy Budd, novela breve póstuma sobre un joven marinero en un buque de guerra británico; y Taipi (Typee, 1846), su primer libro, basado en su estancia entre los habitantes de un valle de las islas Marquesas. Juntas recorren su obra desde el relato de viajes hasta su narrativa final.",alta,conocimiento
3813ea01-0905-4943-abfe-b6381cf13469,"Las comedias de Terencio (siglo II a. C.), comediógrafo latino de origen africano, reunidas en dos tomos. Sus seis obras —La andria, La suegra, El atormentador de sí mismo, El eunuco, Formión y Los hermanos— adaptan modelos de la comedia nueva griega, sobre todo de Menandro, con enredos de amores juveniles, padres severos, esclavos astutos y reconocimientos finales, y se distinguen por su lenguaje cuidado y su atención al carácter de los personajes. Fueron modelo de la comedia europea posterior.",alta,conocimiento
b1c7ed3e-e44c-44f2-b9a8-3250c925cc21,"Volumen de obras del escritor estadounidense William Saroyan (1908-1981), hijo de inmigrantes armenios de Fresno, California. Saroyan escribió cuentos, novelas y teatro marcados por el humor, la ternura y la vida de gente común, inmigrantes y niños, en libros como El atrevido muchacho del trapecio volante, Me llamo Aram y La comedia humana, y en la obra teatral El tiempo de tu vida, por la que se le otorgó el Pulitzer en 1940, premio que rechazó. Esta recopilación reúne parte de su producción en español.",alta,conocimiento
23e02c38-285e-46c6-9981-7b805182789f,"Volumen de la serie de diccionarios de arte de Electa que sirve de guía para reconocer en pinturas y esculturas los personajes y escenas de la literatura. Organizado en tres secciones —poemas, poetas y literatos, y temas literarios—, muestra cómo episodios y figuras de la literatura universal, de los ciclos artúricos a la novela del siglo XIX, entre ellos Paolo y Francesca o Romeo y Julieta, inspiraron a los artistas a lo largo de los siglos. Se publicó originalmente en italiano en 2003 como Episodi e personaggi della letteratura.",media,https://www.goodreads.com/book/show/7271822
61e06c58-82ae-48ee-97a2-5826979676b1,"Historia económica de la humanidad escrita por el economista y periodista británico Peter Jay, publicada en inglés en 2000 como Road to Riches, or The Wealth of Man y acompañada de una serie documental de la BBC. Recorre la evolución de la economía desde los cazadores-recolectores y la revolución agrícola hasta el capitalismo global, pasando por los imperios antiguos, el comercio medieval, la Revolución Industrial y el siglo XX, e indaga por qué algunas sociedades prosperan y otras se estancan.",alta,conocimiento
d87962f5-8a14-42ca-88a6-94d7cd5c2405,"Historia de Moscú en 1941 escrita por Rodric Braithwaite, embajador británico en Moscú entre 1988 y 1992, publicada en inglés en 2006. Narra la invasión alemana y la batalla de Moscú desde la ciudad y sus habitantes, con testimonios de soldados, obreros, artistas, funcionarios y familias: la movilización, el pánico de octubre, la evacuación del gobierno, la defensa improvisada y la contraofensiva soviética de diciembre. Combina historia militar y social a partir de archivos, diarios y entrevistas con sobrevivientes.",alta,conocimiento
61e52ff4-3720-47bc-9ce7-376269171ce1,"Novela satírica china del siglo XVIII escrita por Wu Jingzi (1701-1754), conocida en chino como Rulin waishi y considerada una de las grandes novelas clásicas de ese país. A través de episodios encadenados retrata a los letrados de la dinastía Qing, obsesionados con los exámenes imperiales que daban acceso a los cargos públicos, y critica con ironía la hipocresía, el arribismo y la corrupción de ese mundo, al que contrapone unos pocos personajes íntegros que rechazan la carrera oficial.",alta,conocimiento
90f581a6-bfeb-44da-bc15-ab6acca41a91,"Libro del historiador y documentalista británico Laurence Rees sobre la guerra entre la Alemania nazi y la Unión Soviética de 1941 a 1945, vinculado a su serie de la BBC War of the Century y basado en numerosas entrevistas con veteranos y testigos de ambos bandos. Analiza la invasión alemana, la brutalidad de la ocupación, el exterminio en el frente oriental, las decisiones de Hitler y de Stalin y la represión soviética sobre su propia población, hasta el avance del Ejército Rojo hacia Alemania.",alta,conocimiento
e6bcde69-9bf8-4f90-a013-9b257936ae14,"Antología de cuentos policiales seleccionados por Jorge Luis Borges y Adolfo Bioy Casares, publicada en dos series, en 1943 y 1951. Reúne relatos de enigma de autores británicos, estadounidenses, franceses y argentinos, clásicos y contemporáneos de los antologadores, y refleja el gusto de ambos por el cuento policial de deducción, que defendieron como un género de construcción rigurosa frente a la novela psicológica. Fue una de las antologías que más contribuyeron a difundir el género en lengua española.",alta,conocimiento
73ca12e9-ded1-4f2a-9915-4cc100319653,"Quinto volumen de una historia de la literatura occidental en seis tomos dirigida por Erika Wischer, publicada originalmente en alemán por la editorial Propyläen entre 1981 y 1984. Dedicado al período 1830-1914, la llamada edad burguesa, estudia la literatura europea y americana de ese tiempo en relación con la sociedad, a través de capítulos de especialistas sobre los géneros, las literaturas nacionales y los principales movimientos de la época, del realismo al cambio de siglo.",media,https://find.library.upenn.edu/catalog/992308933503681
8a7dc2d4-0b21-49b4-9308-2a271438ab60,"Segundo tomo de las obras completas de Federico García Lorca (1898-1936), dedicado, como indica su título, a su teatro y a sus trabajos para el cine y la música. El teatro de Lorca va desde las farsas y las piezas para títeres hasta Mariana Pineda, Doña Rosita la soltera y las tragedias Bodas de sangre, Yerma y La casa de Bernarda Alba, además de obras de vanguardia como El público. Su único guion de cine es Viaje a la luna, y su faceta musical incluye la armonización de canciones populares españolas.",alta,conocimiento
8b650642-26b2-42c9-88d3-5d863085469c,"Colección de ensayos de José Ortega y Gasset publicada originalmente en ocho tomos entre 1916 y 1934, concebida como una revista escrita por un solo autor. Reúne textos breves sobre temas muy variados —estética, pintura, literatura, paisajes y pueblos de España, el amor, la historia y la política— y se abre con Verdad y perspectiva, donde Ortega expone su idea de que la realidad solo se conoce desde puntos de vista. Representa la faceta del Ortega espectador, atento a la vida y a las cosas más que a la contienda pública.",alta,conocimiento
932dc29b-8720-48f6-83a7-226b634002ea,"Tomo de las obras escogidas de Ramón del Valle-Inclán (1866-1936), escritor gallego y una de las figuras centrales del modernismo español. Su obra abarca las Sonatas, las Comedias bárbaras, la trilogía de La guerra carlista, la novela Tirano Banderas, el ciclo de El ruedo ibérico y los esperpentos, como Luces de bohemia, género que él mismo creó para deformar sistemáticamente la realidad española. La serie reúne en varios volúmenes una selección de su narrativa, su teatro y su poesía.",alta,conocimiento
08554d3b-28a7-40ed-81f8-cca94a39953c,"Reunión de la poesía de Gabriela Mistral (1889-1957), la primera escritora latinoamericana en recibir el Premio Nobel de Literatura, en 1945. Recoge sus libros Desolación, Ternura, Tala y Lagar, junto con poemas dispersos, y permite seguir su obra desde los versos de dolor y fervor religioso de su juventud hasta las rondas, las canciones de cuna, los recados y los poemas sobre la tierra americana, la maternidad, la infancia y la muerte, escritos en buena parte durante sus largos años fuera de Chile.",alta,conocimiento
c684db98-f4a5-4e5b-b124-8cc613e27842,"Primer tomo de una edición en español del teatro completo de William Shakespeare (1564-1616), dramaturgo y poeta inglés. Su obra dramática comprende tragedias como Hamlet, Otelo, El rey Lear y Macbeth, comedias como El sueño de una noche de verano y Mucho ruido y pocas nueces, dramas históricos sobre los reyes de Inglaterra y romances tardíos como Cuento de invierno y La tempestad. La edición distribuye este conjunto en varios volúmenes.",alta,conocimiento
25e9208f-c52c-4e3b-b67b-9ee18e0cd197,"Tomo de las obras escogidas de Luigi Pirandello (1867-1936), novelista, cuentista y dramaturgo italiano, Premio Nobel de Literatura en 1934. Su obra gira en torno a la identidad, la máscara social y la relatividad de la verdad, en novelas como El difunto Matías Pascal y Uno, ninguno y cien mil, en sus numerosos cuentos y en piezas teatrales como Seis personajes en busca de autor y Enrique IV, que renovaron la escena del siglo XX. La serie reúne en varios volúmenes una selección de su narrativa y su teatro.",alta,conocimiento
ea57d6d5-ab42-49a9-a561-d8aa80e51665,"Selección de obras de Marco Tulio Cicerón (106-43 a. C.), orador, político y filósofo romano, figura central de la prosa latina. Su producción abarca discursos judiciales y políticos, como las Catilinarias y las Filípicas, tratados de retórica como Sobre el orador, obras filosóficas como Sobre los deberes, Sobre la amistad y Sobre la vejez, y una extensa correspondencia. A través de estos textos llegó a Occidente buena parte del pensamiento griego, y su estilo fue modelo de la prosa latina durante siglos.",alta,conocimiento
296d132f-b16a-46e1-bf91-6633aa3aab2f,"Volumen de la serie Obras inmortales dedicado a Gabriele D'Annunzio (1863-1938), poeta, novelista y dramaturgo italiano, principal figura del decadentismo en su país. Su obra comprende novelas como El placer, El inocente, El triunfo de la muerte y El fuego, el teatro de La hija de Iorio y libros de poesía como Alcyone, y está marcada por el esteticismo, el culto a la belleza y la sensualidad, y la figura del superhombre. El tomo reúne una selección de sus obras principales.",alta,conocimiento
c3da1860-6d92-422b-8c3a-5c80d14c4330,"Primer tomo de las obras completas de Guy de Maupassant (1850-1893), escritor francés discípulo de Flaubert y uno de los grandes cuentistas de la literatura universal. Su obra reúne cerca de trescientos relatos —entre ellos Bola de sebo, El Horla y El collar— y seis novelas, como Una vida, Bel-Ami y Pedro y Juan, con retratos de campesinos normandos, burgueses, prostitutas, soldados de la guerra franco-prusiana y empleados parisinos, en un estilo sobrio y preciso. La edición distribuye esta producción en varios volúmenes.",alta,conocimiento
a49998c7-dc4f-4411-865e-4a314b0a56bb,"Tercera parte de la obra periodística de Gabriel García Márquez, reunida en dos tomos, con los textos que escribió entre 1955 y 1960. Abarca su etapa como corresponsal de El Espectador en Europa, con crónicas desde Roma, Ginebra y París, sus reportajes sobre el viaje por los países socialistas de Europa del Este y su trabajo en revistas de Caracas, donde vivió la caída de la dictadura de Pérez Jiménez. Permite seguir la formación del futuro novelista en el oficio de reportero.",alta,conocimiento
2bff532f-59d4-4808-a474-b241d41022c6,"Recopilación en dos tomos de artículos periodísticos de Gabriel García Márquez escritos entre 1961 y 1984, cuando ya era un novelista reconocido. Incluye reportajes, crónicas y sobre todo las columnas semanales que publicó a comienzos de los años ochenta en El Espectador de Bogotá y El País de Madrid, donde escribió sobre política latinoamericana, Cuba, su oficio de escritor, sus amigos, la música, el cine y la vida cotidiana. Forma parte de la serie que reúne toda su obra periodística.",alta,conocimiento
5bcaa610-d256-4357-bce5-38f546481d33,"Primera parte de la obra periodística de Gabriel García Márquez, reunida en dos tomos, con los textos que escribió entre 1948 y 1952 en El Universal de Cartagena y El Heraldo de Barranquilla, donde firmaba la columna La Jirafa con el seudónimo Septimus. Corresponden a sus comienzos como periodista en la costa caribe colombiana, en los años del llamado Grupo de Barranquilla, y en ellos aparecen en germen temas, lecturas y procedimientos de su narrativa posterior.",alta,conocimiento
acbb0256-ffe1-4a2d-8620-e80231e4c77b,"Cuarto y último tomo de las obras completas de Jorge Luis Borges, que reúne libros publicados entre 1975 y 1988. Contiene prosa ensayística y crítica: Prólogos con un prólogo de prólogos, que recoge prefacios escritos para libros ajenos durante cinco décadas; Borges oral, con conferencias dictadas en 1978; Textos cautivos, selección de las reseñas y biografías breves que escribió para la revista El Hogar entre 1936 y 1939; y Biblioteca personal, prólogos a una colección de libros elegidos por él.",media,https://periodicos.ufsc.br/index.php/traducao/article/download/5907/5587/18685
2a451f54-c3dc-4b92-9f8a-de264aa495b6,"Novela del escritor estadounidense George Washington Cable, publicada en 1880, ambientada en Nueva Orleans entre 1803 y 1804, justo cuando Francia cede Luisiana a Estados Unidos. Sigue a dos familias criollas enfrentadas por una vieja rivalidad, los poderosos Grandissime y los venidos a menos De Grapion, y a un joven boticario recién llegado a la ciudad, en una sociedad marcada por las castas raciales y la esclavitud. Su tratamiento abierto del mestizaje y del racismo causó escándalo en su época.",media,https://en.wikipedia.org/wiki/The_Grandissimes:_A_Story_of_Creole_Life
fa1bc6f6-e3e0-4253-bd01-cdc563af1ff9,"Reunión de la poesía de fray Luis de León (1527-1591), agustino, catedrático de la Universidad de Salamanca y una de las voces mayores de la lírica renacentista española. Como indica el título, comprende sus poesías originales —odas como Vida retirada, Noche serena, A Francisco Salinas o Profecía del Tajo—, sus traducciones de autores clásicos como Horacio y Virgilio y sus versiones de textos bíblicos, entre ellos salmos y el Cantar de los cantares. Su poesía une la serenidad horaciana, el neoplatonismo y el anhelo de paz espiritual.",alta,conocimiento
87bf9366-b20b-4e0b-a86f-627395cf226c,"Ensayo de divulgación científica del médico y fisiólogo español José Enrique Campillo Álvarez, catedrático de Fisiología de la Universidad de Extremadura, sobre el papel de las mujeres en la evolución humana. Frente al relato bíblico de la costilla de Adán, sostiene que fue la cadera de Eva el hueso decisivo, y muestra cómo los cambios que experimentaron las hembras de nuestros antepasados durante millones de años para adaptarse a cada nueva circunstancia ambiental —el parto, la crianza, la alimentación— impulsaron la evolución de toda la especie.",media,https://www.planetadelibros.com/libro-la-cadera-de-eva/17998
150d7c62-dd50-4249-9a67-d23b3cc1144b,"Antología de textos marxistas latinoamericanos preparada por el sociólogo franco-brasileño Michael Löwy, que abarca desde 1909 hasta fines del siglo XX. Reúne documentos, manifiestos y ensayos de partidos, movimientos y pensadores, entre ellos José Carlos Mariátegui, Julio Antonio Mella y Ernesto Che Guevara, precedidos por una introducción del compilador que distingue las grandes etapas del marxismo en la región: el período revolucionario de los años veinte, la hegemonía estalinista y el nuevo ciclo abierto por la Revolución cubana.",alta,conocimiento
a1274d72-9be5-4f86-bb0e-f47b3640999e,"Antología de la poesía española de la Edad Media preparada por el filólogo Manuel Alvar, con introducción, bibliografía y notas, como indica el título. Abarca un período que va desde las primeras manifestaciones líricas y épicas en lengua romance hasta la poesía del siglo XV, una tradición que incluye las jarchas, los cantares de gesta, el mester de clerecía, el Libro de buen amor, la poesía de cancionero y el romancero. Pensada como obra de estudio para conocer los orígenes de la poesía en castellano.",alta,conocimiento
cc05aa0c-c605-4820-a951-51c063664a36,"Volumen colectivo compilado por la psicóloga argentina Dora Fried Schnitman, publicado por Paidós en 1994, que reúne contribuciones de pensadores como Ilya Prigogine, Edgar Morin y Heinz von Foerster, entre otros. Aborda los cambios de paradigma en la ciencia y la cultura de fines del siglo XX —la complejidad, la autoorganización, el constructivismo y la cibernética de segundo orden— y sus consecuencias para la manera de entender la subjetividad, la psicología, la terapia y las ciencias sociales.",media,https://buscador.unsam.edu.ar/Record/29707?lng=en
d563ba8a-0093-4170-8ff4-67c489608c0b,"Obra central de Immanuel Kant, publicada en 1781 y revisada en 1787, que investiga los alcances y límites del conocimiento humano. Kant examina cómo son posibles los juicios sintéticos a priori y sostiene que el espacio y el tiempo son formas de la sensibilidad y que el entendimiento ordena la experiencia mediante categorías, de modo que solo conocemos fenómenos y no las cosas en sí. Analiza además las ilusiones de la razón cuando pretende conocer el alma, el mundo como totalidad y Dios. Con ella se inicia la filosofía crítica.",alta,conocimiento
7759ae53-69d5-477c-9bd5-4f9d5697b295,"Novela de Salman Rushdie publicada en 1988 que comienza cuando dos actores indios, Gibreel Farishta y Saladin Chamcha, sobreviven a la explosión de un avión sobre el canal de la Mancha y sufren transformaciones: uno adquiere rasgos de ángel y el otro de demonio. Entre Londres y Bombay, la novela trata la migración, la identidad dividida y el racismo, e incluye secuencias oníricas sobre el origen de una religión inspiradas en la vida del profeta Mahoma, que motivaron la fatwa del ayatolá Jomeini contra el autor en 1989.",alta,conocimiento
b9e979eb-b1ad-4a04-8e2b-912ab30bab8d,"Ensayo del paleontólogo estadounidense Stephen Jay Gould, publicado en 1981 y ampliado en 1996, que critica los intentos de medir la inteligencia como una cantidad única, heredada e inmutable para jerarquizar razas, clases y sexos. Revisa la craneometría del siglo XIX, el uso de los test de cociente intelectual en Estados Unidos y la teoría del factor g, y muestra cómo los prejuicios de los científicos influyeron en sus datos. La versión ampliada incluye su respuesta al libro The Bell Curve.",alta,conocimiento
42418f9a-bd09-4b65-8c93-3fec5e4d0066,"Antología de la literatura griega antigua preparada por los helenistas españoles Carlos García Gual y Antonio Guzmán Guerra, que abarca desde la época de Homero, en el siglo VIII a. C., hasta la Antigüedad tardía, en el siglo IV d. C. Reúne en traducción española fragmentos de épica, lírica, tragedia, comedia, historia, filosofía, oratoria y novela, de autores como Hesíodo, Safo, Esquilo, Sófocles, Eurípides, Aristófanes, Heródoto, Tucídides, Platón y Luciano, entre otros.",alta,conocimiento
6436e389-342d-48f7-bdaf-8a267791fabc,"Novela de Umberto Eco publicada en 1980 y ambientada en una abadía benedictina del norte de Italia en 1327, donde el franciscano Guillermo de Baskerville y su joven discípulo Adso de Melk investigan una serie de muertes misteriosas. La intriga policial se mezcla con las disputas teológicas de la época sobre la pobreza de Cristo, la Inquisición, las herejías y una biblioteca laberíntica que guarda libros prohibidos. Fue la primera novela de Eco, semiólogo y profesor de la Universidad de Bolonia.",alta,conocimiento
53686394-eb62-4214-8bbe-f62f790f4f54,"Reunión de la obra crítica de Mario Benedetti escrita entre 1950 y 1994: ensayos, artículos y reseñas sobre literatura uruguaya y latinoamericana, sobre autores de otras lenguas y sobre la relación entre el escritor, la sociedad y la política. El título alude a una frase de José Martí, para quien la crítica no era más que el ejercicio del criterio. Abarca más de cuatro décadas y muestra la faceta de Benedetti como lector y crítico, complementaria de su obra de poeta y narrador.",media,https://schavelzongraham.com/?p=6608
e0d2023a-aeea-4a65-b02e-6d331dafe8ae,"Libro del historiador británico Ian Kershaw, biógrafo de Hitler, publicado en 2004, que reconstruye la trayectoria de Charles Vane-Tempest-Stewart, séptimo marqués de Londonderry, aristócrata conservador y exministro del Aire, que en los años treinta visitó a Hitler y a otros jerarcas nazis y abogó por un entendimiento con Alemania. A partir de su caso, Kershaw examina las simpatías hacia el nazismo y la política de apaciguamiento de parte de la élite británica antes de la Segunda Guerra Mundial.",alta,conocimiento
b66aee44-b6b9-4aaf-bcd5-da2f8b2f2802,"Biografía de Carlos Marighella (1911-1969), dirigente comunista brasileño y fundador de la Acción Libertadora Nacional, escrita por el periodista Mário Magalhães y publicada en 2012. Reconstruye su vida desde Salvador de Bahía, su militancia en el Partido Comunista, sus prisiones durante el Estado Novo y su ruptura con el partido para lanzarse a la lucha armada contra la dictadura militar, hasta su muerte en una emboscada policial en São Paulo. Basada en años de investigación y cientos de entrevistas. Edición en portugués.",alta,conocimiento
911ba4d1-4011-48d3-a36c-db945abb6175,"Primera novela de John Cheever, publicada en 1957 y ganadora del National Book Award, que retrata a la familia Wapshot de St. Botolphs, un antiguo puerto de Nueva Inglaterra en decadencia. Sigue al viejo capitán Leander, que anota sus días en un diario, y a sus hijos Moses y Coverly, que dejan el pueblo para abrirse camino en el mundo bajo la presión de la acaudalada prima Honora, que condiciona la herencia familiar a que tengan un hijo varón. Una crónica irónica y nostálgica de la vida provinciana estadounidense.",alta,conocimiento
244552b4-16c1-4b68-afcc-63ed96843eb5,"Volumen que reúne la obra poética de los heterónimos de Fernando Pessoa, a la que el autor dio el nombre general de Ficciones del interludio: los poemas de Alberto Caeiro, el maestro sensacionista y pagano; de Ricardo Reis, autor de odas de estilo horaciano; y de Álvaro de Campos, el ingeniero de los grandes poemas modernos como Oda marítima y Tabaquería. Los textos van de 1914, año en que surgieron los heterónimos, a 1935, el de la muerte de Pessoa.",alta,conocimiento
1320336b-d627-414b-b97e-9913393a687b,"Novela del escritor español Juan Jacinto Muñoz Rengel, publicada en 2013, construida sobre un doble sueño: Xavier Arteaga, profesor de instituto, sueña cada noche que es André Bodoc, director de informativos, y André Bodoc sueña cada noche que es Xavier Arteaga. La pregunta de quién sueña a quién, y cuál de los dos es real, sostiene una historia que explora la naturaleza de la realidad, la identidad y la manipulación de los hechos, en la línea de autores como Pirandello o Philip K. Dick.",media,https://anikaentrelibros.com/resenas/resenas-adultos/el-n-resto/35304-el-sue-o-del-otro/
88b5b33d-6f58-4f48-a8fd-6d50dd296a0e,"Primera novela de Umberto Eco, aparecida en 1980: un relato policial en una abadía del norte de Italia en noviembre de 1327, donde una serie de monjes muere en circunstancias extrañas. El franciscano Guillermo de Baskerville, antiguo inquisidor de método casi detectivesco, investiga los crímenes acompañado por el novicio Adso de Melk, narrador de la historia, mientras la abadía recibe a delegaciones del papa y del emperador. La novela recrea la vida monástica, las herejías y el saber medieval en torno a una biblioteca laberíntica.",alta,conocimiento
07c8051e-db7c-408d-b344-549e712e7bfd,"Investigación periodística de Mónica González, publicada en 2000, sobre la preparación del golpe de Estado del 11 de septiembre de 1973 en Chile. A partir de documentos, archivos y entrevistas, reconstruye los mil días del gobierno de Salvador Allende desde el lado de la conspiración: los militares, políticos, empresarios y gremios que la impulsaron, la intervención de Estados Unidos y la forma en que se fue gestando el golpe dentro de las Fuerzas Armadas, incluido el papel de Augusto Pinochet. Su autora recibió en 2010 el Premio Mundial de Libertad de Prensa Unesco-Guillermo Cano.",alta,conocimiento
3e5d910d-e510-43d8-95f4-d320da958aba,"Volumen que reúne la trilogía de Philip Roth protagonizada por el escritor Nathan Zuckerman —La visita al maestro, Zuckerman desencadenado y La lección de anatomía— junto con el epílogo La orgía de Praga. Publicado en 1985, sigue a Zuckerman desde su juventud, cuando visita a un escritor admirado, pasando por la fama y el escándalo que le trae una novela sobre su familia judía de Newark, hasta un período de dolor crónico y crisis, con reflexiones sobre la literatura, la identidad judía y el costo de escribir.",alta,conocimiento
b502434a-6be7-480b-b704-0de61d54f5fe,"Estudio del historiador francés Pierre Grimal, especialista en la Antigüedad latina, publicado en 1960, que ofrece un panorama de la civilización romana desde sus orígenes hasta el Imperio. Aborda la historia de la expansión de Roma, la religión, el derecho y las instituciones, la vida cotidiana, la ciudad y la casa, el arte, la literatura y las costumbres, y explica cómo una pequeña ciudad del Lacio llegó a formar un imperio y una cultura que dejaron una huella duradera en Occidente.",alta,conocimiento
b4f37ecc-caa4-4ea5-a431-362ded54248e,"Ensayo del crítico chileno Cedomil Goic, publicado en 1968, que traza una historia de la novela chilena a partir del análisis estructural de ocho obras: Don Guillermo, de Lastarria; Martín Rivas, de Blest Gana; El ideal de una esposa, de Vicente Grez; Casa grande, de Orrego Luco; Zurzulita, de Mariano Latorre; Hijo de ladrón, de Manuel Rojas; La última niebla, de María Luisa Bombal; y Coronación, de José Donoso. Organizado según el método de las generaciones, su publicación generó un intenso debate en la crítica chilena.",media,https://revistaliteratura.uchile.cl/index.php/RCL/article/view/1192/45498
fcc15920-34c4-4732-b079-56dd4cf9f535,"Novela de Julio Verne publicada en 1869 y 1870 en la que el profesor Pierre Aronnax, su criado Conseil y el arponero Ned Land, que salen a la caza de un supuesto monstruo marino, terminan prisioneros a bordo del Nautilus, el submarino del enigmático capitán Nemo. En su travesía por los océanos del mundo recorren arrecifes de coral, bosques submarinos, las ruinas de la Atlántida y los hielos del Polo Sur, mientras se adivinan el pasado y el rencor de Nemo contra el mundo de la superficie.",alta,conocimiento
d7e2a814-8dbf-49b9-b321-033ac404b0eb,"Primera novela de la saga Ciudad Medialuna de Sarah J. Maas, publicada en 2020: fantasía urbana para adultos ambientada en Lunathion, una ciudad moderna habitada por humanos, hadas, ángeles, metamorfos y otras criaturas. Bryce Quinlan, una joven medio hada que trabaja en una galería de antigüedades, pierde a su mejor amiga en un crimen brutal y, dos años después, cuando los asesinatos vuelven, debe investigarlos junto a Hunt Athalar, un ángel caído obligado a servir a quienes gobiernan la ciudad.",alta,conocimiento
2631354c-f9c5-42b4-8cee-08574b7f047e,"Ensayo histórico de Enrique Krauze, publicado en 1997, sobre el sistema político mexicano entre 1940 y 1996, dominado por el Partido Revolucionario Institucional. Organizado en torno a los sucesivos presidentes, de Manuel Ávila Camacho a Carlos Salinas de Gortari y Ernesto Zedillo, analiza el poder casi absoluto de la presidencia, el corporativismo, la corrupción, la matanza de Tlatelolco de 1968 y las crisis económicas, hasta el desgaste del régimen en los años noventa.",alta,conocimiento
d1d40872-beca-456f-a0d3-dddf9cd89f8b,"Obra del sumerólogo estadounidense Samuel Noah Kramer sobre la antigua Mesopotamia, publicada originalmente en inglés en 1967 como Cradle of Civilization y reeditada en español en dos volúmenes dentro de la serie Atlas culturales del mundo. Recorre la civilización surgida entre el Tigris y el Éufrates —Sumer, Acad, Babilonia y Asiria—: la invención de la escritura cuneiforme, las ciudades-estado, la religión y los mitos, las leyes, la ciencia y el arte. Kramer es autor también de La historia empieza en Sumer.",media,https://biblio.unq.edu.ar/qfind/Record/25024/Description
727468a3-ed45-41c7-be6b-53f488decc06,"Obra del historiador Peter Gay sobre la Ilustración europea entre 1690 y 1790, publicada en inglés en 1966 como Age of Enlightenment y editada en español en dos volúmenes en la serie Atlas culturales del mundo. Recorre el siglo de Voltaire, Montesquieu, Diderot, Rousseau, Hume y Kant: la confianza en la razón y la ciencia, la crítica a la religión y al absolutismo, la Enciclopedia, el despotismo ilustrado, las artes y la vida social, y la influencia de esas ideas en las revoluciones de fines del siglo XVIII.",media,https://biblio.unq.edu.ar/qfind/Record/25024/Description
fc593ebd-360f-4b0a-bbfd-2ca3f9d8da07,"Recopilación de ensayos del humanista dominicano Pedro Henríquez Ureña (1884-1946), uno de los grandes críticos e historiadores de la cultura hispanoamericana, reunida bajo el título de su conferencia La utopía de América, de 1922. En estos textos reflexiona sobre la identidad cultural de América Latina, la búsqueda de una expresión literaria propia, la unidad de la cultura hispánica y la idea de América como tierra de utopía y de justicia social, temas que influyeron en varias generaciones de escritores.",alta,conocimiento
2f211f00-f386-47c4-a2a7-b04a94ed1a97,"Obra en dos tomos del crítico uruguayo Emir Rodríguez Monegal (1921-1985) que reúne ensayos sobre los principales narradores latinoamericanos del siglo XX. Recorre autores como Horacio Quiroga, Jorge Luis Borges, Alejo Carpentier, Juan Carlos Onetti, Juan Rulfo, Julio Cortázar, Carlos Fuentes, Gabriel García Márquez y Mario Vargas Llosa, entre otros, y sigue la renovación de la novela y el cuento del continente desde el regionalismo hasta el período del llamado boom, del que Rodríguez Monegal fue uno de sus principales críticos y difusores.",alta,conocimiento
78ae2f65-665a-4f41-b39e-f59df0e0e9d0,"Volumen dedicado a José Lezama Lima dentro de la serie El escritor y la crítica, de la editorial Taurus, que reúne ensayos de distintos críticos sobre un autor. Editado por Eugenio Suárez Galbán y publicado en 1987, estudia la obra del poeta y novelista cubano (1910-1976), autor de Paradiso y animador de la revista Orígenes: su poesía hermética, su sistema poético del mundo, su concepción de la imagen y su visión de la expresión americana.",media,https://buscador.unsam.edu.ar/Record/15052/Description
17cc8e04-2aba-4f67-b6c0-dba399972381,"Crónica de viaje del periodista y escritor argentino Martín Caparrós, publicada en 2006, que recorre miles de kilómetros por las provincias del interior de Argentina, lejos de Buenos Aires. A través de pueblos, ciudades y paisajes, y de conversaciones con sus habitantes, reflexiona sobre la historia, la política, la pobreza, el poder de los caudillos locales y las diferencias entre la capital y el resto del país, en un libro que combina reportaje, ensayo y relato personal.",alta,conocimiento
394db4f5-f827-4743-90a0-915c3984d862,"Ensayo del historiador español Julián Casanova sobre Europa entre 1914 y 1945, el período de las dos guerras mundiales. Analiza la violencia política y la brutalización de la sociedad, las revoluciones y contrarrevoluciones que siguieron a la Primera Guerra Mundial, el fascismo, el nazismo y el comunismo soviético, las guerras civiles, la crisis de las democracias y el Holocausto, y presenta esos treinta años como una época en que Europa se enfrentó consigo misma.",alta,conocimiento
bf2cd69f-17da-4732-88f0-a2979b28d744,"Primera novela extensa de Philip Roth, publicada en 1962 con el título Letting Go. Ambientada en los años cincuenta entre Chicago, Nueva York e Iowa City, sigue a Gabe Wallach, joven profesor de literatura, y sus relaciones con su colega Paul Herz y la esposa de este, Libby, y con Martha Reganhart, madre divorciada. Es un retrato de las obligaciones morales, las responsabilidades y los dilemas de una generación de universitarios en el Estados Unidos de posguerra, con ironía y hondura psicológica.",media,https://www.tiposinfames.com/libros/deudas-y-dolores/12323/
c35be3e4-c6eb-4861-8aef-05e93c129173,"Obra de los arqueólogos británicos Ruth Whitehouse y John Wilkins, publicada en inglés en 1986 como The Making of Civilization: History Discovered through Archaeology y editada en español en dos volúmenes en la serie Atlas culturales del mundo. Explica cómo la arqueología ha permitido reconstruir el surgimiento de las primeras civilizaciones —la agricultura, las aldeas y las ciudades, la escritura, el comercio, el Estado y la religión— a partir de excavaciones y hallazgos en distintas regiones del mundo.",media,https://bpgsm.bibliosistemas.com/catalogo/Record/FONGE027855/Similar?lng=de
c9966524-cf52-4fc9-bfb7-d16b37906772,"Primer tomo de la novela gráfica autobiográfica del dibujante franco-camboyano Tian Veasna sobre la toma del poder de los jemeres rojos en Camboya. Tian nació tres días después de que estos ocuparan Phnom Penh en abril de 1975, mientras su familia emprendía la evacuación forzada de la capital. A partir de los recuerdos de sus padres y parientes, narra la salida de la ciudad, el caos del éxodo y los primeros meses bajo un régimen que vaciaba las ciudades y perseguía a los sospechosos de ser enemigos de clase.",media,https://english.cambodiadaily.com/?p=102639
74dd7d78-4ad7-4d37-b77d-cc0ad92242b3,"Selección de la obra de no ficción de Joseph Conrad tomada de sus libros Notes on Life and Letters y Last Essays, centrada en los textos que no tratan de literatura. Reúne artículos y ensayos sobre el mar y la navegación, la política, la guerra, los viajes y episodios de su propia vida, con unas pocas excepciones de tema literario, como sus páginas sobre los libros y sobre Stephen Crane. Muestra la faceta de Conrad como ensayista y observador de su época.",media,https://www.marcialpons.es/libros/fuera-de-la-literatura/9788498412598/
3b734310-04f1-4b79-a9d7-fcff8a1476c8,"Obra del historiador británico John R. Hale sobre la era de los descubrimientos europeos, publicada en inglés en 1966 como Age of Exploration y editada en español en dos volúmenes en la serie Atlas culturales del mundo. Narra las expediciones de los siglos XV y XVI, de los viajes portugueses impulsados por Enrique el Navegante a Vasco da Gama, Colón y Magallanes, los avances en navegación y cartografía que las hicieron posibles y las consecuencias del encuentro de Europa con África, Asia y América.",media,https://biblio.unq.edu.ar/qfind/Record/25024/Description
fdd94bf1-92a3-40ea-a8f6-2c7c88aefa50,"Volumen compilado por el filósofo italiano Gianni Vattimo, publicado por Gedisa en 1999, que reúne ensayos sobre la relación entre la poesía y el conocimiento filosófico. Los textos exploran la noción de una verdad poética que no se reduce a la experiencia subjetiva y se preguntan en qué se distingue la verdad que se experimenta en la obra de arte de la que se busca mediante la argumentación, a partir de la diferencia entre el concepto y la imagen, desde la perspectiva de la hermenéutica y del pensamiento posmetafísico.",media,https://herder.com.mx/en/node/34816
2f46637d-d9f8-488a-bbc6-39383c046651,"Novela de Saul Bellow publicada en 1970 y ganadora del National Book Award. Su protagonista es Artur Sammler, un intelectual judío polaco de más de setenta años, sobreviviente del Holocausto y antiguo habitante del Londres de Bloomsbury, que vive en el Upper West Side de Nueva York a fines de los años sesenta. A través de su mirada sobre la ciudad, la revuelta juvenil, la carrera espacial y sus excéntricos parientes, la novela reflexiona sobre la civilización, la moral y el sentido de la vida.",alta,conocimiento
6b8416ce-af0e-4b64-a380-81d29ccbdc5c,"Obra del helenista británico C. M. Bowra sobre la Grecia clásica, publicada en inglés en 1965 como Classical Greece y editada en español en dos volúmenes en la serie Atlas culturales del mundo. Recorre la civilización griega en su época de mayor esplendor, en especial la Atenas del siglo V a. C.: la democracia, las guerras médicas y del Peloponeso, la religión, el teatro, la filosofía, la historia, la arquitectura y la escultura, y la herencia que esa cultura dejó a Occidente.",media,https://biblio.unq.edu.ar/qfind/Record/25024/Description
6078a2b4-4c0c-4660-9ec5-b271d491e486,"Memorias de la escritora estadounidense Joyce Johnson, publicadas en 1983 con el título Minor Characters y ganadoras del National Book Critics Circle Award. Narra su juventud en Nueva York en los años cincuenta y su relación con Jack Kerouac en los meses en que se publicó En el camino, y retrata a la generación beat desde el punto de vista de las mujeres que la acompañaron, como Elise Cowen o Hettie Jones, a quienes la historia del movimiento relegó al papel de personajes secundarios.",alta,conocimiento
3875c72e-9857-401b-bd49-59c9c0dcc53f,"Libro póstumo del escritor argentino Juan José Saer, publicado en 2006, que reúne artículos y ensayos sobre literatura aparecidos en diarios y revistas entre 2000 y 2005, y que el autor tenía preparado para su publicación al morir en 2005. En estos textos Saer analiza la obra de algunos de los escritores más importantes para él, como Cervantes, Flaubert, Kafka, Musil, Robert Walser, Onetti, Felisberto Hernández y Robbe-Grillet, y expone su concepción de la narrativa y de la creación artística.",media,https://www.tiposinfames.com/libros/trabajos/7920/
